apk,filename,sha256,status,package,target_sdk,min_sdk,pendingintent_create_calls,pendingintent_send_calls,pendingintent_cancel_calls,pendingintent_intentsender_calls,mutable_hits,immutable_hits,unsafe_implicit_hits,fillin_hits,external_pi_source_hits,ownership_hits,permission_hits,explicit_intent_hits,implicit_intent_hits,activity_count,service_count,receiver_count,provider_count,exported_component_count,permissioned_component_count,permission_count,v1_score,v2_score,v3_score,max_score,classification,analysis_seconds
D:\APK_Downloader\android_repositories\fdroid_main\a2dp.Vol_169.apk,a2dp.Vol_169.apk,f67ef52502faf8dbcef310c122d9efe7871effdd8f9fe0ca93b9925513152d37,OK,a2dp.Vol,28,23,13,0,0,0,19,18,20,0,0,0,0,12,0,9,5,3,0,0,1,17,13,6,0,13,v1,2.1
D:\APK_Downloader\android_repositories\fdroid_main\accelerace.apk,accelerace.apk,24390d1e33154e5d3cb6d7e44229628f86fd9b9f004b2e65087a4c7bca87fdcd,ERROR,,,,0,0,0,0,0,0,0,0,0,0,0,0,0,0,0,0,0,0,0,0,0,0,0,0,none,0.01
D:\APK_Downloader\android_repositories\fdroid_main\alt.nainapps.aer_1735160000.apk,alt.nainapps.aer_1735160000.apk,b2d42a4f59c7d3a248c69c7b1fac925bb90d05322814268eb9cb5eeb96d707b5,OK,alt.nainapps.aer,35,26,1,0,0,0,0,1,0,0,0,0,0,0,0,5,2,1,2,6,4,5,3,12,0,12,v2,2.98
D:\APK_Downloader\android_repositories\fdroid_main\anupam.acrylic_19.apk,anupam.acrylic_19.apk,df01309e3641fac77cd9bd356558e122e31f1317f988dfb4144ebad949e0ac84,OK,anupam.acrylic,28,14,0,0,0,0,0,0,0,0,0,0,0,0,0,4,0,0,0,0,0,1,0,0,0,0,none,0.16
D:\APK_Downloader\android_repositories\fdroid_main\at.h4x.awhip_10100.apk,at.h4x.awhip_10100.apk,ef0896ebfdde39c8215f0a88c130b094a9f75f17c6c894e9fb50df802c8dd10c,OK,at.h4x.awhip,31,21,5,0,0,1,3,1,2,0,1,0,0,12,0,3,0,0,1,1,0,0,13,13,5,13,mixed,9.18
D:\APK_Downloader\android_repositories\fdroid_main\bluepie.ad_silence_55.apk,bluepie.ad_silence_55.apk,c134927f92ecbf34d9a6f7f9571b2d22ae02cc35bf89617e4d0044d035536c15,OK,bluepie.ad_silence,35,21,2,0,0,0,3,4,3,0,0,0,0,0,0,1,1,0,0,1,1,3,13,12,0,13,mixed,0.29
D:\APK_Downloader\android_repositories\fdroid_main\business.braid.polycule_344.apk,business.braid.polycule_344.apk,40295836f19bb6a80002cd99579623af5a4038d5c24f8d2fc3e58f999f30468f,OK,business.braid.polycule,35,23,9,0,0,7,5,11,5,0,14,1,0,10,14,3,4,6,3,5,2,10,17,16,7,17,mixed,7.2
D:\APK_Downloader\android_repositories\fdroid_main\ch.abertschi.adfree_42.apk,ch.abertschi.adfree_42.apk,9863e46e0c892ecd362964ae3197ed7c830e3f88f8980cc9fe333268c0aafe2e,OK,ch.abertschi.adfree,27,23,7,2,0,0,3,2,3,0,0,0,0,12,1,6,2,1,0,1,1,4,19,14,0,19,mixed,11.23
D:\APK_Downloader\android_repositories\fdroid_main\ch.bailu.aat_45.apk,ch.bailu.aat_45.apk,f10bae02e75b884c6e92e165e41c9cc92bff51d85c25aa01feddf68471080491,OK,ch.bailu.aat,33,22,1,0,0,0,0,2,0,0,0,0,0,0,0,18,3,0,3,5,2,14,3,12,0,12,v2,10.88
D:\APK_Downloader\android_repositories\fdroid_main\co.epitre.aelf_lectures_86.apk,co.epitre.aelf_lectures_86.apk,d974af858b0055b27b13a611938f8f5f8302f7c92779bee2b26e75d0ea290862,OK,co.epitre.aelf_lectures,36,21,5,0,1,0,8,7,5,0,0,0,0,12,4,2,4,9,2,5,3,6,17,12,13,17,mixed,5.94
D:\APK_Downloader\android_repositories\fdroid_main\com.acho.chat.app_2.apk,com.acho.chat.app_2.apk,c0f0fbf74a92020d2f4859e02e1ff8564acec66e036435d5160cf74a12e20297,OK,com.acho.chat.app,35,25,3,0,0,0,0,3,3,0,0,0,0,0,0,1,1,1,0,2,0,9,7,9,0,9,none,0.08
D:\APK_Downloader\android_repositories\fdroid_main\com.activitymanager_564.apk,com.activitymanager_564.apk,852106c266754245e00ae17b05cdafa8b43575730eef15761d753cdbd3ae8ce1,OK,com.activitymanager,36,23,3,5,0,2,6,7,5,0,6,0,0,4,0,15,1,1,3,12,2,6,15,18,5,18,mixed,19.57
D:\APK_Downloader\android_repositories\fdroid_main\com.activitytrace_10.apk,com.activitytrace_10.apk,3033b51476c195257e51862e8ee2438ec9db580b8737fe6bb1873deb929ff86b,OK,com.activitytrace,36,26,6,1,1,0,11,13,9,0,0,0,0,11,10,2,6,11,1,5,5,6,19,14,13,19,mixed,14.43
D:\APK_Downloader\android_repositories\fdroid_main\com.acutis.firewall_10005.apk,com.acutis.firewall_10005.apk,8764457bf8555770feb9d3633af8bf1d1f2eba91658ffa0d8235ecbb85a62b0f,OK,com.acutis.firewall,35,29,10,5,1,0,17,21,15,0,2,0,0,8,6,1,5,10,1,4,4,8,19,18,23,23,mixed,12.3
D:\APK_Downloader\android_repositories\fdroid_main\com.addismaptransit.app_7.apk,com.addismaptransit.app_7.apk,4d62aecc9873a0daf3d6386d86fe47f7842d644c896eb62b63597f520de074be,OK,com.addismaptransit.app,33,16,3,0,0,2,0,1,0,0,2,0,0,1,6,2,1,0,1,1,0,4,3,13,5,13,v2,3.08
D:\APK_Downloader\android_repositories\fdroid_main\com.adguard.android.contentblocker_22000250.apk,com.adguard.android.contentblocker_22000250.apk,bd60f30ea52954a606de7c446cedee39e8a89de5d18b15b616ebb2e7b33bc26f,OK,com.adguard.android.contentblocker,34,21,11,1,1,0,9,9,7,0,1,0,0,9,2,8,4,11,2,4,2,6,19,18,23,23,mixed,11.86
D:\APK_Downloader\android_repositories\fdroid_main\com.adresilo.android_9.apk,com.adresilo.android_9.apk,d3f990e11fcbb46b10580fe7ea8ae0a4305848e268fa44b4707175f49410bd6b,OK,com.adresilo.android,34,24,0,0,0,0,0,0,0,0,0,0,0,0,0,1,0,1,1,2,1,2,0,9,0,9,none,4.92
D:\APK_Downloader\android_repositories\fdroid_main\com.ahorcado_7.apk,com.ahorcado_7.apk,7f4df3878508804bd0d15df2bdd29cb7f70377182b2e8c069c060024e547e2d5,OK,com.ahorcado,29,21,6,0,0,0,2,1,2,0,0,0,0,6,0,1,1,2,0,1,0,5,13,9,0,13,v1,4.65
D:\APK_Downloader\android_repositories\fdroid_main\com.aipos.aipospm_3.apk,com.aipos.aipospm_3.apk,1e2d5808fbc7e736c150c8553741912b595958f117e96d42d3e59a4343152116,OK,com.aipos.aipospm,36,24,10,4,0,1,0,1,0,0,3,0,0,4,0,1,2,1,1,2,1,4,5,18,5,18,v2,74.56
D:\APK_Downloader\android_repositories\fdroid_main\com.aisleron_23.apk,com.aisleron_23.apk,2b3fc5770e5810b2b603401cac6cb19f151760baf0dbd9e1a2d0389670f377cc,OK,com.aisleron,36,24,1,0,0,0,1,0,0,0,0,0,0,4,0,2,2,1,1,2,1,1,12,12,0,12,mixed,5.62
D:\APK_Downloader\android_repositories\fdroid_main\com.aka.alarm_6.apk,com.aka.alarm_6.apk,c41778893be5b52135379d0c0923715197387ca021bf8ff06136e090f63f2817,OK,com.aka.alarm,36,31,1,0,0,0,2,4,2,0,0,0,0,0,0,1,1,1,1,2,1,7,13,12,0,13,mixed,2.61
D:\APK_Downloader\android_repositories\fdroid_main\com.android.adbkeyboard_2.apk,com.android.adbkeyboard_2.apk,f9446fd3d7f775a764eb0df696b6819a7f3a4ea85bd17871855848ef72d6bb21,OK,com.android.adbkeyboard,29,15,0,0,0,0,0,0,0,0,0,0,0,0,0,0,1,0,0,0,1,0,0,3,0,3,none,0.03
D:\APK_Downloader\android_repositories\fdroid_main\com.andsi.airlyrics_10.apk,com.andsi.airlyrics_10.apk,9c0d8965395fbdc171728405eeafe9ca1fb79f50951e746bceccae974f38bd1f,OK,com.andsi.airlyrics,36,26,3,0,0,0,16,18,18,0,0,0,0,0,2,1,2,1,1,3,2,7,17,12,0,17,mixed,11.29
D:\APK_Downloader\android_repositories\fdroid_main\com.anysoftkeyboard.languagepack.afrikaans_oss_6158.apk,com.anysoftkeyboard.languagepack.afrikaans_oss_6158.apk,66eb0a97d362522d77cc919a9bdb4b8168872a14f96d1efe23ed22523a57e9f0,OK,com.anysoftkeyboard.languagepack.afrikaans_oss,35,21,0,0,0,0,0,0,0,0,0,0,0,0,0,1,0,2,1,3,1,1,0,9,0,9,none,3.25
D:\APK_Downloader\android_repositories\fdroid_main\com.beemdevelopment.aegis_81.apk,com.beemdevelopment.aegis_81.apk,ab633d31cc0fa49e3ae29a3b816a7fcbe04033a3227f42bd30cf86fcd3be4159,OK,com.beemdevelopment.aegis,35,23,3,0,0,0,1,2,0,0,0,0,0,4,2,15,4,3,2,5,3,6,13,12,0,13,mixed,9.03
D:\APK_Downloader\android_repositories\fdroid_main\com.beradeep.aiyo_10.apk,com.beradeep.aiyo_10.apk,94f7ddfe604e778c0116a75e234df2a0f8b47e3d5faf6446bab25ef782cef2ac,OK,com.beradeep.aiyo,36,24,2,5,0,0,5,6,5,0,0,0,0,0,0,1,1,1,1,2,1,2,15,14,0,15,mixed,5.15
D:\APK_Downloader\android_repositories\fdroid_main\com.codedead.advancedpassgen_4.apk,com.codedead.advancedpassgen_4.apk,40e183653a25fac4cbea3d794679f5bf5a0021969afaaa29ecc36b4258c591cf,OK,com.codedead.advancedpassgen,35,29,0,0,0,0,0,0,0,0,0,0,0,0,0,2,0,1,1,2,1,1,0,9,0,9,none,1.3
D:\APK_Downloader\android_repositories\fdroid_main\com.codedead.advancedportchecker_17.apk,com.codedead.advancedportchecker_17.apk,96d3096dc1ac75a539f5321ac3c3b3fda9039d3ca20cfbd59b4388fb1737a911,OK,com.codedead.advancedportchecker,35,29,1,0,0,0,6,7,6,0,0,0,0,0,2,4,0,1,1,2,1,7,17,12,0,17,mixed,2.21
D:\APK_Downloader\android_repositories\fdroid_main\com.corphish.nightlight.generic_66.apk,com.corphish.nightlight.generic_66.apk,1a3c2e9e1f402e782ea1be04df8a38215484e6529d10e4d63182e4e60402f152,OK,com.corphish.nightlight.generic,30,21,5,0,0,0,0,1,1,0,0,0,0,4,0,11,3,4,1,2,2,5,7,12,0,12,v2,10.13
D:\APK_Downloader\android_repositories\fdroid_main\com.dasp.worldcup2026_1.apk,com.dasp.worldcup2026_1.apk,8c7b60c9cef5a6343f000f12ff0a0714bc6f3de72ced17c57f1ce4a147bc4a67,OK,com.dasp.worldcup2026,35,23,4,0,0,0,0,2,0,0,0,0,0,0,3,1,2,3,0,4,2,3,3,12,0,12,v2,0.04
D:\APK_Downloader\android_repositories\fdroid_main\com.davidshewitt.admincontrol_5.apk,com.davidshewitt.admincontrol_5.apk,2895ae77b3af807a906cfe778ed2089988b8c99cc7264943387bad6755263681,OK,com.davidshewitt.admincontrol,26,22,0,0,0,0,0,0,0,0,0,0,0,0,0,1,0,1,0,1,1,0,0,9,0,9,none,0.43
D:\APK_Downloader\android_repositories\fdroid_main\com.foss.aihub_13.apk,com.foss.aihub_13.apk,d96a12519bd1e4391a08f64e2a05570780ec2c7d093322d410ef721c224b3008,OK,com.foss.aihub,36,26,2,5,0,0,4,6,4,0,2,0,0,0,0,1,0,1,1,2,1,6,15,18,5,18,mixed,3.68
D:\APK_Downloader\android_repositories\fdroid_main\com.foxdebug.acode_1002.apk,com.foxdebug.acode_1002.apk,2c9f53080c0a4a7f6475c5e00546c395db4343fe46a038eb9084b3727534f262,OK,com.foxdebug.acode,28,26,16,3,0,2,1,6,0,0,2,0,0,4,4,4,1,1,3,3,2,11,15,18,5,18,mixed,29.74
D:\APK_Downloader\android_repositories\fdroid_main\com.freerdp.afreerdp_3026000.apk,com.freerdp.afreerdp_3026000.apk,fab9506aab0847d5b6ae72bc2aff0b177d1c5d34f4108fe9417ca314c87b7e7f,OK,com.freerdp.afreerdp,36,23,9,2,0,1,1,0,0,0,1,0,0,4,0,8,1,1,1,9,1,8,14,18,5,18,mixed,18.64
D:\APK_Downloader\android_repositories\fdroid_main\com.games.boardgames.aeonsend_1.apk,com.games.boardgames.aeonsend_1.apk,9dbd85782b534a58c8112faa58e9229fc47e1af101a5dc9b36205bbe22910a57,OK,com.games.boardgames.aeonsend,26,15,5,0,0,0,1,0,1,0,0,0,0,12,0,2,0,0,0,0,0,0,16,3,0,16,v1,4.47
D:\APK_Downloader\android_repositories\fdroid_main\com.github.ashutoshgngwr.tenbitclockwidget_221.apk,com.github.ashutoshgngwr.tenbitclockwidget_221.apk,35ff9940fd3d73acd1099f3640be6367c311ec9f6c34fa17e4748e874ecfe763,OK,com.github.ashutoshgngwr.tenbitclockwidget,33,14,3,0,0,0,1,2,0,0,0,0,0,4,1,2,0,1,1,2,0,4,13,9,0,13,v1,2.1
D:\APK_Downloader\android_repositories\fdroid_main\com.github.meypod.al_azan_94000.apk,com.github.meypod.al_azan_94000.apk,b262e5cb7ef2fbc309ff766e283063e3b25f058b647b811b0cbef7934bc6a8cb,OK,com.github.meypod.al_azan,36,26,18,6,1,0,69,89,66,0,2,0,3,18,10,2,6,12,0,7,3,17,19,19,25,25,mixed,7.48
D:\APK_Downloader\android_repositories\fdroid_main\com.github.meypod.al_quran_43.apk,com.github.meypod.al_quran_43.apk,d54a704f5f6528c5a47affc5ada1c6945c4fbcb19ff09b968086f0392809371a,OK,com.github.meypod.al_quran,36,24,1,0,0,0,0,0,0,0,0,0,0,4,0,1,0,1,1,2,1,1,3,12,0,12,v2,2.65
D:\APK_Downloader\android_repositories\fdroid_main\com.github.sourzo.a_rithist_8.apk,com.github.sourzo.a_rithist_8.apk,315662b8d8c1ea9883cf9f73c8be007c940e217c32d09acccdffdee365218494,OK,com.github.sourzo.a_rithist,34,24,2,0,0,1,1,0,0,0,1,0,0,4,0,4,0,1,1,2,1,1,12,16,5,16,mixed,21.49
D:\APK_Downloader\android_repositories\fdroid_main\com.greenaddress.abcore_77.apk,com.greenaddress.abcore_77.apk,fdf8f1befbb9b33f205093b4bc4f5b778a4ed45b39e7e4ad5ef2136893d21a21,OK,com.greenaddress.abcore,28,21,2,0,0,0,2,2,1,0,0,0,0,4,2,9,3,1,0,0,0,5,17,3,0,17,v1,5.15
D:\APK_Downloader\android_repositories\fdroid_main\com.hassaneltantawy.alazkar_15.apk,com.hassaneltantawy.alazkar_15.apk,ee13269f826dae18bfe0f617b4c4c64094e8a126452b127c49c3a2741407944d,OK,com.hassaneltantawy.alazkar,36,24,1,0,0,1,0,0,0,0,1,0,0,0,6,2,0,2,3,2,1,1,3,16,5,16,v2,2.71
D:\APK_Downloader\android_repositories\fdroid_main\com.lolo.io.onelist_22.apk,com.lolo.io.onelist_22.apk,077f0e17216bc7f6597c1b71b15005cd0f1be04400b5f29959348db076b46ee8,OK,com.lolo.io.onelist,34,23,1,0,0,2,1,0,0,0,6,0,0,4,0,5,1,1,1,6,1,4,12,16,5,16,mixed,4.83
D:\APK_Downloader\android_repositories\fdroid_main\com.lun.chin.aicamera_1.apk,com.lun.chin.aicamera_1.apk,e3de39fdfbe499faa7c41a2a0a88acfffd9f6edc7fa38f2a4ca002393b76f2be,OK,com.lun.chin.aicamera,28,21,5,0,0,0,2,1,2,0,0,0,0,12,0,1,0,0,0,0,0,4,13,3,0,13,v1,3.36
D:\APK_Downloader\android_repositories\fdroid_main\com.metalshard.projectwave_2.apk,com.metalshard.projectwave_2.apk,2b1a8a96d7b12d701d6ef3e34974cca3f5c33f4f4c6f0d3f7490fc9bdc966bb6,OK,com.metalshard.projectwave,36,21,17,3,0,1,4,3,2,0,2,0,0,28,2,1,2,1,1,3,1,5,19,18,5,19,mixed,40.73
D:\APK_Downloader\android_repositories\fdroid_main\com.mufradat.africaquiz_1.apk,com.mufradat.africaquiz_1.apk,649282d36bd5c237acfc7354d1d3af66fac198706880cf7353903dd47260ad12,OK,com.mufradat.africaquiz,36,24,8,2,0,1,0,0,0,0,1,0,0,0,0,1,0,1,1,2,1,1,5,18,5,18,v2,23.91
D:\APK_Downloader\android_repositories\fdroid_main\com.newoether.agora_25.apk,com.newoether.agora_25.apk,9696f91f15258f905963ce5013eb71a6bf3bc66a4ef59375852cbd16cb50a2bb,OK,com.newoether.agora,36,24,17,4,1,1,4,8,1,0,4,0,0,5,0,1,5,9,4,5,4,10,15,18,23,23,mixed,42.07
D:\APK_Downloader\android_repositories\fdroid_main\com.oF2pks.adbungfu_17.apk,com.oF2pks.adbungfu_17.apk,bf780757313f52218145b242f29af968da8f606ff61f5c5a67454239e69a354b,OK,com.oF2pks.adbungfu,31,21,3,0,0,1,0,0,0,0,1,0,0,4,0,2,0,0,0,1,0,3,3,13,5,13,v2,3.51
D:\APK_Downloader\android_repositories\fdroid_main\com.pedronveloso.a11ybutton_3.apk,com.pedronveloso.a11ybutton_3.apk,f22a539c35945d5eea817cee49f5bf15148412fc243a54baab30081c5a92572a,OK,com.pedronveloso.a11ybutton,37,30,7,5,1,0,28,29,28,0,2,0,1,11,2,2,4,6,1,4,4,6,19,19,25,25,mixed,1.55
D:\APK_Downloader\android_repositories\fdroid_main\com.rascarlo.adaptive.brightness.tile_2.apk,com.rascarlo.adaptive.brightness.tile_2.apk,b446621ce9bfaff14ab90d04ef5415d1de7823c0497c8301ae6b39822e4773bd,OK,com.rascarlo.adaptive.brightness.tile,28,24,1,0,0,0,0,0,0,0,0,0,0,4,0,1,2,1,0,0,2,1,3,6,0,6,none,0.69
D:\APK_Downloader\android_repositories\fdroid_main\com.roufsyed.onekey_3.apk,com.roufsyed.onekey_3.apk,690a58bb75780d9f835183ae6deb563e06db659218a4275ddd40ba15353d66ce,OK,com.roufsyed.onekey,36,26,3,5,0,1,7,8,6,0,3,0,0,0,0,3,3,1,1,3,2,7,15,18,5,18,mixed,7.85
D:\APK_Downloader\android_repositories\fdroid_main\com.shapeshed.aerial_15.apk,com.shapeshed.aerial_15.apk,f8c8bedecc6cff5f04e76fc91be102f1993865059d0fec0332dc6a5f1982d524,OK,com.shapeshed.aerial,37,26,12,2,0,0,18,24,17,0,2,0,0,25,1,1,3,1,2,4,1,7,19,18,5,19,mixed,5.56
D:\APK_Downloader\android_repositories\fdroid_main\com.trianguloy.adnihilation_3.apk,com.trianguloy.adnihilation_3.apk,ae531b495cc39b210fc13ef74e7e5e663f8fde658a3535e3b964675f8c417d80,OK,com.trianguloy.adnihilation,29,14,0,0,0,0,0,0,0,0,0,0,0,0,0,1,0,0,0,0,0,0,0,0,0,0,none,0.04
D:\APK_Downloader\android_repositories\fdroid_main\com.tughi.aggregator_299034.apk,com.tughi.aggregator_299034.apk,be0dd843edfdf2fc8fba9a4b70ac0d53a9178883d9c767b98db03fe1cb52470d,OK,com.tughi.aggregator,34,21,14,4,0,1,4,8,3,0,1,0,1,4,2,20,3,1,1,4,3,5,19,19,7,19,mixed,7.47
D:\APK_Downloader\android_repositories\fdroid_main\de.HS_Aalen.don_6.apk,de.HS_Aalen.don_6.apk,bad6f886478eb8e3c75059b6dc85e8fddcca6ae8d13d767d7954d13d07477039,OK,de.HS_Aalen.don,35,21,2,0,0,0,0,0,0,0,0,0,0,4,0,13,0,0,0,1,0,0,3,9,0,9,none,1.03
D:\APK_Downloader\android_repositories\fdroid_main\de.rainerhock.eightbitwonders_100091.apk,de.rainerhock.eightbitwonders_100091.apk,eda7bf2708380ae165b22be85f334238f703aeee6445b6a986e440b9c7139cb0,OK,de.rainerhock.eightbitwonders,35,19,4,0,0,0,1,2,1,0,1,0,0,4,2,13,3,2,2,3,0,7,17,13,5,17,mixed,2.63
D:\APK_Downloader\android_repositories\fdroid_main\de.rampro.activitydiary_136.apk,de.rampro.activitydiary_136.apk,9523b54582c144a97e6bcf4a446659d10c3dd5479f329dd45e314786f19e741f,OK,de.rampro.activitydiary,30,21,5,0,0,1,6,6,6,0,3,0,0,4,0,11,3,0,5,0,2,5,13,10,5,13,mixed,5.01
D:\APK_Downloader\android_repositories\fdroid_main\de.seemoo.at_tracking_detection_67.apk,de.seemoo.at_tracking_detection_67.apk,58c6343a0813a907d5bf9ae0051ae378c41673f47887b520ac8c062528383140,OK,de.seemoo.at_tracking_detection,37,28,10,0,2,0,17,9,9,0,0,0,2,12,8,5,5,8,1,5,3,18,17,13,15,17,mixed,3.82
D:\APK_Downloader\android_repositories\fdroid_main\de.szalkowski.activitylauncher_20500.apk,de.szalkowski.activitylauncher_20500.apk,0c731f01cb359e133b3c2d1d5655ce21a99de9e44a324fcb4dc64e0dc195c644,OK,de.szalkowski.activitylauncher,37,16,2,0,0,0,1,1,0,0,0,0,0,4,0,5,2,2,1,7,4,5,9,12,0,12,v2,3.3
D:\APK_Downloader\android_repositories\fdroid_main\dev.lonami.klooni_860.apk,dev.lonami.klooni_860.apk,55641cdb5dba7f30c1d229cf8a34f390a8ff6b3f60cdff9b45d277919f33ce24,OK,dev.lonami.klooni,29,8,0,0,0,0,0,0,0,0,0,0,0,0,0,1,0,0,0,0,0,0,0,0,0,0,none,1.41
D:\APK_Downloader\android_repositories\fdroid_main\dev.ukanth.ufirewall_20260301.apk,dev.ukanth.ufirewall_20260301.apk,243de7e55695f199e32241037be404cb5c9bf915cbedf1fc4b678ed7be31eb8d,OK,dev.ukanth.ufirewall,36,21,27,6,0,1,18,29,14,0,18,0,0,10,18,16,6,7,2,13,4,14,19,18,5,19,mixed,7.88
D:\APK_Downloader\android_repositories\fdroid_main\eu.quelltext.counting_3.apk,eu.quelltext.counting_3.apk,98fe65f21ff8e51918b94e80d25d99d52f5527d24a69dcd8dd9ca1a5da9b7a02,OK,eu.quelltext.counting,29,1,0,0,0,0,0,0,0,0,0,0,0,0,0,1,0,0,0,0,0,0,0,0,0,0,none,0.58
D:\APK_Downloader\android_repositories\fdroid_main\host.stjin.anonaddy_376400100.apk,host.stjin.anonaddy_376400100.apk,6441ed274594e6f0656be3d0208d45e791577c89134cf935dbf86758cca63f60,OK,host.stjin.anonaddy,37,23,29,4,1,1,20,3,4,0,3,0,0,4,18,37,6,7,1,14,5,10,19,18,23,23,mixed,21.03
D:\APK_Downloader\android_repositories\fdroid_main\in.digistorm.aksharam_8.apk,in.digistorm.aksharam_8.apk,5c954e74e6cb26833bb6d77edaca67bfd681242be7c9171c01c4f84ef5a8aa0c,OK,in.digistorm.aksharam,33,21,9,0,0,1,1,0,0,0,1,0,0,4,0,1,0,1,1,2,1,3,12,16,5,16,mixed,12.68
D:\APK_Downloader\android_repositories\fdroid_main\inc.flide.vi8_170500.apk,inc.flide.vi8_170500.apk,ea69ca6762e150c048ce2fbec2a8198dad3ca4623425941a0e9e673776242b40,OK,inc.flide.vi8,34,24,0,0,0,0,0,0,0,0,0,0,0,0,0,2,1,1,1,4,2,2,0,9,0,9,none,16.77
D:\APK_Downloader\android_repositories\fdroid_main\info.metadude.android.congress.schedule_121.apk,info.metadude.android.congress.schedule_121.apk,fa45df9eb8e1a82097714f140da7c177c71d33bc5a62476f7459e9bc31448840,OK,info.metadude.android.congress.schedule,36,23,10,5,0,0,13,24,15,0,2,0,0,4,4,8,1,4,1,2,2,8,19,18,5,19,mixed,10.57
D:\APK_Downloader\android_repositories\fdroid_main\io.github.divverent.aaaaxy_107302184.apk,io.github.divverent.aaaaxy_107302184.apk,226ef3217326235dcd1dd560072705e7e2eb825618dd3bc198e2d54478fc7fff,OK,io.github.divverent.aaaaxy,35,23,2,0,0,1,1,0,0,0,1,0,0,4,0,1,0,0,1,1,0,0,12,13,5,13,mixed,7.59
D:\APK_Downloader\android_repositories\fdroid_main\io.github.dkter.aaaaa_4.apk,io.github.dkter.aaaaa_4.apk,a401cb8900129a26023cd15b1adeaa8cbd30e658347eb9cd28c035388b595b60,OK,io.github.dkter.aaaaa,30,21,3,0,0,1,0,0,0,0,1,0,0,4,0,1,1,0,0,0,1,0,3,10,5,10,v2,8.14
D:\APK_Downloader\android_repositories\fdroid_main\io.github.jqssun.airplay_30.apk,io.github.jqssun.airplay_30.apk,4f5c3a76a9c4d6267ddcfd20070b13d21ea4135a84e041ef277fd663e73981c6,OK,io.github.jqssun.airplay,36,24,5,5,0,0,22,23,23,0,0,0,0,7,0,1,1,2,2,3,1,12,15,14,0,15,mixed,5.79
D:\APK_Downloader\android_repositories\fdroid_main\io.github.nvlad1.function3danimator_26.apk,io.github.nvlad1.function3danimator_26.apk,addb21a55a290c6623d71f7fded60039f8d631d9edba3fcbb551a80d6ab4e755,OK,io.github.nvlad1.function3danimator,37,26,0,0,0,0,0,0,0,0,0,0,0,0,0,5,1,1,1,2,1,1,0,9,0,9,none,5.02
D:\APK_Downloader\android_repositories\fdroid_main\io.github.yoshi1123.adbio_4.apk,io.github.yoshi1123.adbio_4.apk,46152474065cf2d9ca71f7a0ebd07c1913261cb64c2241924010e9999d1070b1,OK,io.github.yoshi1123.adbio,29,24,2,0,0,0,4,4,4,0,0,0,0,0,2,1,1,1,0,0,1,1,17,6,0,17,v1,0.09
D:\APK_Downloader\android_repositories\fdroid_main\ir.hsn6.tpb_2.apk,ir.hsn6.tpb_2.apk,37ffc01c030e3d24eb2e2129c8f91684ac5c97251ca0101f2759e57fbebe6c7f,OK,ir.hsn6.tpb,29,18,6,0,0,0,2,2,2,0,1,0,0,10,0,1,1,0,0,0,0,0,13,7,5,13,v1,3.25
D:\APK_Downloader\android_repositories\fdroid_main\itkach.aard2_58.apk,itkach.aard2_58.apk,0a1e7b216439894a11b87d621e3ac9406f950fb73abd7983414407cb3f93733a,OK,itkach.aard2,34,19,7,0,1,0,2,1,2,0,0,0,0,10,0,2,0,0,0,30,0,2,13,9,13,13,mixed,7.05
D:\APK_Downloader\android_repositories\fdroid_main\mattecarra.accapp_39.apk,mattecarra.accapp_39.apk,c7b9b4d2c86ced043cca21012c1b3ec956f5bf783463d6de7f1299b6518ec9b7,OK,mattecarra.accapp,30,16,9,1,0,1,2,1,2,0,1,0,0,12,2,7,3,2,2,0,2,2,19,12,5,19,mixed,16.53
D:\APK_Downloader\android_repositories\fdroid_main\me.tagavari.airmessage_139.apk,me.tagavari.airmessage_139.apk,c45d89013191ced9816b49d526cdce40207cc65ef2f4eaf841fe666bf3047537,OK,me.tagavari.airmessage,31,23,33,4,1,1,41,58,38,0,2,0,0,15,6,15,10,19,3,11,5,21,19,18,23,23,mixed,34.96
D:\APK_Downloader\android_repositories\fdroid_main\name.gdr.acastus_photon_28.apk,name.gdr.acastus_photon_28.apk,ece8e98b420feadc4265abb9558c14c944a1580794490e462d6e6cf205a4eeb4,OK,name.gdr.acastus_photon,29,19,5,0,0,0,2,1,2,0,0,0,0,12,0,3,0,0,0,0,0,4,13,3,0,13,v1,5.33
D:\APK_Downloader\android_repositories\fdroid_main\net.activitywatch.android_34.apk,net.activitywatch.android_34.apk,17ccc6c320561c403a76487436fc418d206064542319c3476741b0f8efed01fa,OK,net.activitywatch.android,32,24,5,0,0,1,3,2,2,0,1,0,0,9,1,2,1,1,1,4,1,4,17,16,5,17,mixed,15.42
D:\APK_Downloader\android_repositories\fdroid_main\net.basov.lws.qr.fdroid_50100.apk,net.basov.lws.qr.fdroid_50100.apk,e5745da42d8697ca583162caec4c3fcdff37932e732e9be7fc8ce926866868d9,OK,net.basov.lws.qr.fdroid,34,16,0,0,0,0,0,0,0,0,0,0,0,0,0,1,0,0,0,1,0,0,0,6,0,6,none,0.41
D:\APK_Downloader\android_repositories\fdroid_main\net.gitsaibot.af_23.apk,net.gitsaibot.af_23.apk,05385259feed866428602979056f7da81cc620d4d65d7bc96e67254e218fa23f,OK,net.gitsaibot.af,36,29,15,2,1,1,4,5,1,0,3,0,0,4,0,4,3,6,2,6,3,6,15,18,23,23,mixed,15.91
D:\APK_Downloader\android_repositories\fdroid_main\net.yukh.xui_90500.apk,net.yukh.xui_90500.apk,bdb10a4c965fa68287e7e60f067ad96cbd34532dbfb688e90afc2f302001e06b,OK,net.yukh.xui,35,24,7,0,1,0,8,10,6,0,0,0,0,12,5,1,4,9,2,4,3,9,17,12,13,17,mixed,6.88
D:\APK_Downloader\android_repositories\fdroid_main\nl.eventinfra.wifisetup_20231222.apk,nl.eventinfra.wifisetup_20231222.apk,aa0ca052e9e48ad7945f9aa535f5fd691018a5356a8ff95b0e5bf94662a54a10,OK,nl.eventinfra.wifisetup,33,18,0,0,0,0,0,0,0,0,0,0,0,0,0,1,0,0,0,1,0,3,0,6,0,6,none,0.05
D:\APK_Downloader\android_repositories\fdroid_main\org.adaway_60104.apk,org.adaway_60104.apk,0de00a58a0dbb4c4b6befc9fe1f5e53800993484baab955824798f46fbf3338e,OK,org.adaway,33,26,9,0,1,0,4,9,3,0,1,0,0,0,2,11,6,12,3,9,6,9,17,16,23,23,mixed,9.58
D:\APK_Downloader\android_repositories\fdroid_main\org.afhdownloader_11.apk,org.afhdownloader_11.apk,55d85343d9f3c6cc9c610bd20249b06ec16bdc93892f483b923673832c327595,OK,org.afhdownloader,25,16,10,0,1,0,6,7,8,0,0,0,0,10,0,3,1,2,0,0,0,5,13,3,13,13,mixed,3.99
D:\APK_Downloader\android_repositories\fdroid_main\org.akvo.rsr.up_36.apk,org.akvo.rsr.up_36.apk,e6d5148b9d6ba95e9ff1ef21af5f303b95a904fecebd3351c3b0f42475ed20c0,OK,org.akvo.rsr.up,30,21,8,0,0,0,4,4,4,0,1,0,0,4,0,16,4,8,1,2,2,6,13,16,5,16,mixed,4.1
D:\APK_Downloader\android_repositories\fdroid_main\org.andresoviedo.dddmodel2_36.apk,org.andresoviedo.dddmodel2_36.apk,5bd321f86ca6b35366def6329ac50630886b03af53f0106ab53b7892ffdca6ec,OK,org.andresoviedo.dddmodel2,35,21,9,3,0,1,1,0,0,0,1,0,0,4,0,2,0,1,1,2,1,3,14,18,5,18,mixed,12.57
D:\APK_Downloader\android_repositories\fdroid_main\org.andstatus.game2048_47.apk,org.andstatus.game2048_47.apk,2d6707624623fe8857da271dcc19511ab52472ce1fee6ac23bc7f2ecf2e7eea9,OK,org.andstatus.game2048,37,24,0,0,0,0,0,0,0,0,0,0,0,0,0,1,0,1,2,3,1,1,0,9,0,9,none,1.38
D:\APK_Downloader\android_repositories\fdroid_main\org.asafonov.accelerace_11.apk,org.asafonov.accelerace_11.apk,0adc4049115025f7109f3ec6b7550bf9e5f3bd86347505894ae778b4d3ef5ff9,OK,org.asafonov.accelerace,35,29,0,0,0,0,0,0,0,0,0,0,0,0,0,1,0,0,0,1,0,0,0,6,0,6,none,0.05
D:\APK_Downloader\android_repositories\fdroid_main\org.billthefarmer.accordion_122.apk,org.billthefarmer.accordion_122.apk,015f1adcfad79fd858de7f666634d9811714ab251f65868ce1282ed0a0340624,OK,org.billthefarmer.accordion,28,21,0,0,0,0,0,0,0,0,0,0,0,0,0,2,0,0,0,1,0,0,0,6,0,6,none,0.07
D:\APK_Downloader\android_repositories\fdroid_main\org.mattvchandler.a2050_190010010.apk,org.mattvchandler.a2050_190010010.apk,98a0e75e589c319093db56cf98bfa32d920b9436a9cbe7c30b32dcf7a4a6d284,OK,org.mattvchandler.a2050,33,19,1,0,0,0,1,0,0,0,0,0,0,4,0,2,0,1,1,2,1,3,12,12,0,12,mixed,3.93
D:\APK_Downloader\android_repositories\fdroid_main\org.og8.a1tox_1.apk,org.og8.a1tox_1.apk,34895a84a638d53bd5ed57d134511eee9468f5461cb0e41874a1968ac256e4c8,OK,org.og8.a1tox,24,8,4,0,1,0,1,1,1,0,0,0,0,0,0,1,0,0,0,0,0,0,13,3,13,13,mixed,0.45
D:\APK_Downloader\android_repositories\fdroid_main\org.secuso.aktivpause_102.apk,org.secuso.aktivpause_102.apk,ec9204313fdadfb169fd68ce2c085e65da06a94ddb922d873ce11d784a5e1fdd,OK,org.secuso.aktivpause,34,21,26,3,1,1,25,30,23,0,2,0,0,9,4,10,6,10,0,5,2,6,19,18,23,23,mixed,11.11
D:\APK_Downloader\android_repositories\fdroid_main\org.secuso.privacyfriendly2048_100.apk,org.secuso.privacyfriendly2048_100.apk,02c799d3d582669daf2acf920093c68d2933f60aa937bb72fa2a805557233fe8,OK,org.secuso.privacyfriendly2048,34,21,15,3,1,1,6,4,3,0,2,0,0,9,0,8,5,9,0,6,3,1,15,18,23,23,mixed,10.83
D:\APK_Downloader\android_repositories\fdroid_main\org.strawberryforum.argentum_5.apk,org.strawberryforum.argentum_5.apk,ef03f54b95ce39707e1ae2dd3ca2ba64ef6b37c11cab2431b68bd82f7ddee7be,OK,org.strawberryforum.argentum,33,15,3,0,0,0,0,0,0,0,0,0,0,4,0,1,0,0,0,1,0,2,3,9,0,9,none,5.99
D:\APK_Downloader\android_repositories\fdroid_main\org99managers.futsal_edition_16.apk,org99managers.futsal_edition_16.apk,c9eeea657951f694067f125222dea62f5a7a5c88e44d9c4b2c75de5e5ae5aab1,OK,org99managers.futsal_edition,36,24,1,0,0,1,0,0,0,0,1,0,0,0,0,2,0,1,2,2,1,0,3,16,5,16,v2,7.3
D:\APK_Downloader\android_repositories\fdroid_main\pc.javier.actualizadoropendns_5.apk,pc.javier.actualizadoropendns_5.apk,9b0d16a134e1fcc75a8f103c4d80c39faf88f0ab1059a0beb0e88ee1fc76373b,OK,pc.javier.actualizadoropendns,26,14,5,0,0,0,1,0,1,0,0,0,0,12,0,4,0,1,0,0,0,3,16,3,0,16,v1,3.55
D:\APK_Downloader\android_repositories\fdroid_main\ru.ifproject.android.afr_14.apk,ru.ifproject.android.afr_14.apk,1b51730887e1b83ae00c1709c4fc9988a81b3aed187ec98f64fca41ec2417df6,OK,ru.ifproject.android.afr,28,21,4,0,0,0,2,1,2,0,0,0,0,8,0,3,0,0,0,0,0,3,13,3,0,13,v1,2.57
D:\APK_Downloader\android_repositories\fdroid_main\ru.ikkui.achie_9.apk,ru.ikkui.achie_9.apk,aab0e66e7954ca11053c56a8643db2ecbb0373ffcb444a3e7733f5e721f9419e,OK,ru.ikkui.achie,32,28,2,0,0,1,1,0,0,0,1,0,0,4,0,3,0,0,2,1,0,0,12,13,5,13,mixed,13.96
D:\APK_Downloader\android_repositories\fdroid_main\se.tube42.p9.android_11.apk,se.tube42.p9.android_11.apk,e69e40836e31337eb6d536b5637a3f6ba7b6484b54d172dd24238c0cb2dd5a76,OK,se.tube42.p9.android,28,11,0,0,0,0,0,0,0,0,0,0,0,0,0,1,0,0,0,0,0,1,0,0,0,0,none,4.15
D:\APK_Downloader\android_repositories\fdroid_main\space.ring0.airheadwaves_3.apk,space.ring0.airheadwaves_3.apk,d2a5e7b5e5bc187621506521345079bc09266fbf06ece839c9816b633c8234aa,OK,space.ring0.airheadwaves,36,29,9,2,0,1,0,1,1,0,1,0,0,0,0,1,2,1,1,2,1,7,9,18,5,18,v2,55.16
D:\APK_Downloader\android_repositories\izzyondroid\akylas.alpi.maps_284.apk,akylas.alpi.maps_284.apk,150013cc93a9277d14f09101f7a993fb6ab0d5352c3b35132a8c2519bc72a2e5,ERROR,,,,0,0,0,0,0,0,0,0,0,0,0,0,0,0,0,0,0,0,0,0,0,0,0,0,none,0.05
D:\APK_Downloader\android_repositories\izzyondroid\app.ninesevennine.twofactorauthenticator_10013004.apk,app.ninesevennine.twofactorauthenticator_10013004.apk,150013cc93a9277d14f09101f7a993fb6ab0d5352c3b35132a8c2519bc72a2e5,ERROR,,,,0,0,0,0,0,0,0,0,0,0,0,0,0,0,0,0,0,0,0,0,0,0,0,0,none,0.07
D:\APK_Downloader\android_repositories\izzyondroid\ara.note_1.apk,ara.note_1.apk,150013cc93a9277d14f09101f7a993fb6ab0d5352c3b35132a8c2519bc72a2e5,ERROR,,,,0,0,0,0,0,0,0,0,0,0,0,0,0,0,0,0,0,0,0,0,0,0,0,0,none,0.04
D:\APK_Downloader\android_repositories\izzyondroid\bluepie.ad_silence_55.apk,bluepie.ad_silence_55.apk,150013cc93a9277d14f09101f7a993fb6ab0d5352c3b35132a8c2519bc72a2e5,ERROR,,,,0,0,0,0,0,0,0,0,0,0,0,0,0,0,0,0,0,0,0,0,0,0,0,0,none,0.03
D:\APK_Downloader\android_repositories\izzyondroid\br.com.wasystems.audiooutputswitcher_11.apk,br.com.wasystems.audiooutputswitcher_11.apk,150013cc93a9277d14f09101f7a993fb6ab0d5352c3b35132a8c2519bc72a2e5,ERROR,,,,0,0,0,0,0,0,0,0,0,0,0,0,0,0,0,0,0,0,0,0,0,0,0,0,none,0.03
D:\APK_Downloader\android_repositories\izzyondroid\ch.pete.adbclipboard_6.apk,ch.pete.adbclipboard_6.apk,150013cc93a9277d14f09101f7a993fb6ab0d5352c3b35132a8c2519bc72a2e5,ERROR,,,,0,0,0,0,0,0,0,0,0,0,0,0,0,0,0,0,0,0,0,0,0,0,0,0,none,0.03
D:\APK_Downloader\android_repositories\izzyondroid\com.aicodix.assempix_19.apk,com.aicodix.assempix_19.apk,150013cc93a9277d14f09101f7a993fb6ab0d5352c3b35132a8c2519bc72a2e5,ERROR,,,,0,0,0,0,0,0,0,0,0,0,0,0,0,0,0,0,0,0,0,0,0,0,0,0,none,0.05
D:\APK_Downloader\android_repositories\izzyondroid\com.alexmercerind.audire_3.apk,com.alexmercerind.audire_3.apk,150013cc93a9277d14f09101f7a993fb6ab0d5352c3b35132a8c2519bc72a2e5,ERROR,,,,0,0,0,0,0,0,0,0,0,0,0,0,0,0,0,0,0,0,0,0,0,0,0,0,none,0.03
D:\APK_Downloader\android_repositories\izzyondroid\com.amaze.filemanager_125.apk,com.amaze.filemanager_125.apk,150013cc93a9277d14f09101f7a993fb6ab0d5352c3b35132a8c2519bc72a2e5,ERROR,,,,0,0,0,0,0,0,0,0,0,0,0,0,0,0,0,0,0,0,0,0,0,0,0,0,none,0.03
D:\APK_Downloader\android_repositories\izzyondroid\com.amaze.fileutilities_140.apk,com.amaze.fileutilities_140.apk,150013cc93a9277d14f09101f7a993fb6ab0d5352c3b35132a8c2519bc72a2e5,ERROR,,,,0,0,0,0,0,0,0,0,0,0,0,0,0,0,0,0,0,0,0,0,0,0,0,0,none,0.03
D:\APK_Downloader\android_repositories\izzyondroid\com.andreacioccarelli.androoster_62.apk,com.andreacioccarelli.androoster_62.apk,150013cc93a9277d14f09101f7a993fb6ab0d5352c3b35132a8c2519bc72a2e5,ERROR,,,,0,0,0,0,0,0,0,0,0,0,0,0,0,0,0,0,0,0,0,0,0,0,0,0,none,0.03
D:\APK_Downloader\android_repositories\izzyondroid\com.antoniegil.astronia_10710.apk,com.antoniegil.astronia_10710.apk,150013cc93a9277d14f09101f7a993fb6ab0d5352c3b35132a8c2519bc72a2e5,ERROR,,,,0,0,0,0,0,0,0,0,0,0,0,0,0,0,0,0,0,0,0,0,0,0,0,0,none,0.03
D:\APK_Downloader\android_repositories\izzyondroid\com.apk.editor_35.apk,com.apk.editor_35.apk,150013cc93a9277d14f09101f7a993fb6ab0d5352c3b35132a8c2519bc72a2e5,ERROR,,,,0,0,0,0,0,0,0,0,0,0,0,0,0,0,0,0,0,0,0,0,0,0,0,0,none,0.03
D:\APK_Downloader\android_repositories\izzyondroid\com.apkupdater.ci_604.apk,com.apkupdater.ci_604.apk,150013cc93a9277d14f09101f7a993fb6ab0d5352c3b35132a8c2519bc72a2e5,ERROR,,,,0,0,0,0,0,0,0,0,0,0,0,0,0,0,0,0,0,0,0,0,0,0,0,0,none,0.03
D:\APK_Downloader\android_repositories\izzyondroid\com.audiobookshelf.app_117.apk,com.audiobookshelf.app_117.apk,150013cc93a9277d14f09101f7a993fb6ab0d5352c3b35132a8c2519bc72a2e5,ERROR,,,,0,0,0,0,0,0,0,0,0,0,0,0,0,0,0,0,0,0,0,0,0,0,0,0,none,0.03
D:\APK_Downloader\android_repositories\izzyondroid\com.aurora.store_76.apk,com.aurora.store_76.apk,150013cc93a9277d14f09101f7a993fb6ab0d5352c3b35132a8c2519bc72a2e5,ERROR,,,,0,0,0,0,0,0,0,0,0,0,0,0,0,0,0,0,0,0,0,0,0,0,0,0,none,0.03
D:\APK_Downloader\android_repositories\izzyondroid\com.beemdevelopment.aegis_81.apk,com.beemdevelopment.aegis_81.apk,150013cc93a9277d14f09101f7a993fb6ab0d5352c3b35132a8c2519bc72a2e5,ERROR,,,,0,0,0,0,0,0,0,0,0,0,0,0,0,0,0,0,0,0,0,0,0,0,0,0,none,0.03
D:\APK_Downloader\android_repositories\izzyondroid\com.codedead.advancedportchecker_17.apk,com.codedead.advancedportchecker_17.apk,150013cc93a9277d14f09101f7a993fb6ab0d5352c3b35132a8c2519bc72a2e5,ERROR,,,,0,0,0,0,0,0,0,0,0,0,0,0,0,0,0,0,0,0,0,0,0,0,0,0,none,0.03
D:\APK_Downloader\android_repositories\izzyondroid\com.coleblvck.antiiq_2019.apk,com.coleblvck.antiiq_2019.apk,150013cc93a9277d14f09101f7a993fb6ab0d5352c3b35132a8c2519bc72a2e5,ERROR,,,,0,0,0,0,0,0,0,0,0,0,0,0,0,0,0,0,0,0,0,0,0,0,0,0,none,0.03
D:\APK_Downloader\android_repositories\izzyondroid\com.dokeraj.androtainer_20.apk,com.dokeraj.androtainer_20.apk,150013cc93a9277d14f09101f7a993fb6ab0d5352c3b35132a8c2519bc72a2e5,ERROR,,,,0,0,0,0,0,0,0,0,0,0,0,0,0,0,0,0,0,0,0,0,0,0,0,0,none,0.03
D:\APK_Downloader\android_repositories\izzyondroid\com.dustinhendriks.andme_5.apk,com.dustinhendriks.andme_5.apk,150013cc93a9277d14f09101f7a993fb6ab0d5352c3b35132a8c2519bc72a2e5,ERROR,,,,0,0,0,0,0,0,0,0,0,0,0,0,0,0,0,0,0,0,0,0,0,0,0,0,none,0.03
D:\APK_Downloader\android_repositories\izzyondroid\com.eyalm.adns_14.apk,com.eyalm.adns_14.apk,150013cc93a9277d14f09101f7a993fb6ab0d5352c3b35132a8c2519bc72a2e5,ERROR,,,,0,0,0,0,0,0,0,0,0,0,0,0,0,0,0,0,0,0,0,0,0,0,0,0,none,0.03
D:\APK_Downloader\android_repositories\izzyondroid\com.github.ghmxr.apkextractor_16.apk,com.github.ghmxr.apkextractor_16.apk,150013cc93a9277d14f09101f7a993fb6ab0d5352c3b35132a8c2519bc72a2e5,ERROR,,,,0,0,0,0,0,0,0,0,0,0,0,0,0,0,0,0,0,0,0,0,0,0,0,0,none,0.03
D:\APK_Downloader\android_repositories\izzyondroid\com.github.helltar.anpaside_30.apk,com.github.helltar.anpaside_30.apk,150013cc93a9277d14f09101f7a993fb6ab0d5352c3b35132a8c2519bc72a2e5,ERROR,,,,0,0,0,0,0,0,0,0,0,0,0,0,0,0,0,0,0,0,0,0,0,0,0,0,none,0.03
D:\APK_Downloader\android_repositories\izzyondroid\com.github.warren_bank.adb_over_wifi_1000101.apk,com.github.warren_bank.adb_over_wifi_1000101.apk,150013cc93a9277d14f09101f7a993fb6ab0d5352c3b35132a8c2519bc72a2e5,ERROR,,,,0,0,0,0,0,0,0,0,0,0,0,0,0,0,0,0,0,0,0,0,0,0,0,0,none,0.03
D:\APK_Downloader\android_repositories\izzyondroid\com.gitlab.fasheng.nlp.amap_32.apk,com.gitlab.fasheng.nlp.amap_32.apk,150013cc93a9277d14f09101f7a993fb6ab0d5352c3b35132a8c2519bc72a2e5,ERROR,,,,0,0,0,0,0,0,0,0,0,0,0,0,0,0,0,0,0,0,0,0,0,0,0,0,none,0.03
D:\APK_Downloader\android_repositories\izzyondroid\com.google.android.projection.gearhead.xunlocked_201.apk,com.google.android.projection.gearhead.xunlocked_201.apk,150013cc93a9277d14f09101f7a993fb6ab0d5352c3b35132a8c2519bc72a2e5,ERROR,,,,0,0,0,0,0,0,0,0,0,0,0,0,0,0,0,0,0,0,0,0,0,0,0,0,none,0.03
D:\APK_Downloader\android_repositories\izzyondroid\com.htetznaing.adbotg_2.apk,com.htetznaing.adbotg_2.apk,150013cc93a9277d14f09101f7a993fb6ab0d5352c3b35132a8c2519bc72a2e5,ERROR,,,,0,0,0,0,0,0,0,0,0,0,0,0,0,0,0,0,0,0,0,0,0,0,0,0,none,0.03
D:\APK_Downloader\android_repositories\izzyondroid\com.iiordanov.freeaRDP_116450.apk,com.iiordanov.freeaRDP_116450.apk,150013cc93a9277d14f09101f7a993fb6ab0d5352c3b35132a8c2519bc72a2e5,ERROR,,,,0,0,0,0,0,0,0,0,0,0,0,0,0,0,0,0,0,0,0,0,0,0,0,0,none,0.03
D:\APK_Downloader\android_repositories\izzyondroid\com.jecelyin.editor.v2_32.apk,com.jecelyin.editor.v2_32.apk,150013cc93a9277d14f09101f7a993fb6ab0d5352c3b35132a8c2519bc72a2e5,ERROR,,,,0,0,0,0,0,0,0,0,0,0,0,0,0,0,0,0,0,0,0,0,0,0,0,0,none,0.03
D:\APK_Downloader\android_repositories\izzyondroid\com.jlindemann.science_90.apk,com.jlindemann.science_90.apk,150013cc93a9277d14f09101f7a993fb6ab0d5352c3b35132a8c2519bc72a2e5,ERROR,,,,0,0,0,0,0,0,0,0,0,0,0,0,0,0,0,0,0,0,0,0,0,0,0,0,none,0.03
D:\APK_Downloader\android_repositories\izzyondroid\com.jvdegithub.aiscatcher_115.apk,com.jvdegithub.aiscatcher_115.apk,150013cc93a9277d14f09101f7a993fb6ab0d5352c3b35132a8c2519bc72a2e5,ERROR,,,,0,0,0,0,0,0,0,0,0,0,0,0,0,0,0,0,0,0,0,0,0,0,0,0,none,0.03
D:\APK_Downloader\android_repositories\izzyondroid\com.kaanelloed.iconeration_44.apk,com.kaanelloed.iconeration_44.apk,150013cc93a9277d14f09101f7a993fb6ab0d5352c3b35132a8c2519bc72a2e5,ERROR,,,,0,0,0,0,0,0,0,0,0,0,0,0,0,0,0,0,0,0,0,0,0,0,0,0,none,0.03
D:\APK_Downloader\android_repositories\izzyondroid\com.kamwithk.ankiconnectandroid_15.apk,com.kamwithk.ankiconnectandroid_15.apk,150013cc93a9277d14f09101f7a993fb6ab0d5352c3b35132a8c2519bc72a2e5,ERROR,,,,0,0,0,0,0,0,0,0,0,0,0,0,0,0,0,0,0,0,0,0,0,0,0,0,none,0.03
D:\APK_Downloader\android_repositories\izzyondroid\com.kssidll.arru_53.apk,com.kssidll.arru_53.apk,150013cc93a9277d14f09101f7a993fb6ab0d5352c3b35132a8c2519bc72a2e5,ERROR,,,,0,0,0,0,0,0,0,0,0,0,0,0,0,0,0,0,0,0,0,0,0,0,0,0,none,0.03
D:\APK_Downloader\android_repositories\izzyondroid\com.leohearts.alternativeUnlockHook_8.apk,com.leohearts.alternativeUnlockHook_8.apk,150013cc93a9277d14f09101f7a993fb6ab0d5352c3b35132a8c2519bc72a2e5,ERROR,,,,0,0,0,0,0,0,0,0,0,0,0,0,0,0,0,0,0,0,0,0,0,0,0,0,none,0.03
D:\APK_Downloader\android_repositories\izzyondroid\com.lulu786.Alternate_15.apk,com.lulu786.Alternate_15.apk,150013cc93a9277d14f09101f7a993fb6ab0d5352c3b35132a8c2519bc72a2e5,ERROR,,,,0,0,0,0,0,0,0,0,0,0,0,0,0,0,0,0,0,0,0,0,0,0,0,0,none,0.03
D:\APK_Downloader\android_repositories\izzyondroid\com.mine.autolight_17.apk,com.mine.autolight_17.apk,150013cc93a9277d14f09101f7a993fb6ab0d5352c3b35132a8c2519bc72a2e5,ERROR,,,,0,0,0,0,0,0,0,0,0,0,0,0,0,0,0,0,0,0,0,0,0,0,0,0,none,0.03
D:\APK_Downloader\android_repositories\izzyondroid\com.mine.autooffbluetooth_8.apk,com.mine.autooffbluetooth_8.apk,150013cc93a9277d14f09101f7a993fb6ab0d5352c3b35132a8c2519bc72a2e5,ERROR,,,,0,0,0,0,0,0,0,0,0,0,0,0,0,0,0,0,0,0,0,0,0,0,0,0,none,0.03
D:\APK_Downloader\android_repositories\izzyondroid\com.mine.autosleep_8.apk,com.mine.autosleep_8.apk,150013cc93a9277d14f09101f7a993fb6ab0d5352c3b35132a8c2519bc72a2e5,ERROR,,,,0,0,0,0,0,0,0,0,0,0,0,0,0,0,0,0,0,0,0,0,0,0,0,0,none,0.03
D:\APK_Downloader\android_repositories\izzyondroid\com.nagopy.android.aplin_45.apk,com.nagopy.android.aplin_45.apk,150013cc93a9277d14f09101f7a993fb6ab0d5352c3b35132a8c2519bc72a2e5,ERROR,,,,0,0,0,0,0,0,0,0,0,0,0,0,0,0,0,0,0,0,0,0,0,0,0,0,none,0.03
D:\APK_Downloader\android_repositories\izzyondroid\com.nevidimka655.astracrypt_20400.apk,com.nevidimka655.astracrypt_20400.apk,150013cc93a9277d14f09101f7a993fb6ab0d5352c3b35132a8c2519bc72a2e5,ERROR,,,,0,0,0,0,0,0,0,0,0,0,0,0,0,0,0,0,0,0,0,0,0,0,0,0,none,0.03
D:\APK_Downloader\android_repositories\izzyondroid\com.openappslabs.fiveg_5.apk,com.openappslabs.fiveg_5.apk,150013cc93a9277d14f09101f7a993fb6ab0d5352c3b35132a8c2519bc72a2e5,ERROR,,,,0,0,0,0,0,0,0,0,0,0,0,0,0,0,0,0,0,0,0,0,0,0,0,0,none,0.03
D:\APK_Downloader\android_repositories\izzyondroid\com.opengps.altlocationservices_2.apk,com.opengps.altlocationservices_2.apk,150013cc93a9277d14f09101f7a993fb6ab0d5352c3b35132a8c2519bc72a2e5,ERROR,,,,0,0,0,0,0,0,0,0,0,0,0,0,0,0,0,0,0,0,0,0,0,0,0,0,none,0.03
D:\APK_Downloader\android_repositories\izzyondroid\com.programminghoch10.AntiBrightnessChange_60.apk,com.programminghoch10.AntiBrightnessChange_60.apk,150013cc93a9277d14f09101f7a993fb6ab0d5352c3b35132a8c2519bc72a2e5,ERROR,,,,0,0,0,0,0,0,0,0,0,0,0,0,0,0,0,0,0,0,0,0,0,0,0,0,none,0.03
D:\APK_Downloader\android_repositories\izzyondroid\com.roundsalmon4.appverifier_28.apk,com.roundsalmon4.appverifier_28.apk,150013cc93a9277d14f09101f7a993fb6ab0d5352c3b35132a8c2519bc72a2e5,ERROR,,,,0,0,0,0,0,0,0,0,0,0,0,0,0,0,0,0,0,0,0,0,0,0,0,0,none,0.03
D:\APK_Downloader\android_repositories\izzyondroid\com.thinkdifferent.anywebview_6.apk,com.thinkdifferent.anywebview_6.apk,150013cc93a9277d14f09101f7a993fb6ab0d5352c3b35132a8c2519bc72a2e5,ERROR,,,,0,0,0,0,0,0,0,0,0,0,0,0,0,0,0,0,0,0,0,0,0,0,0,0,none,0.03
D:\APK_Downloader\android_repositories\izzyondroid\com.thirtytwo.steps_35.apk,com.thirtytwo.steps_35.apk,150013cc93a9277d14f09101f7a993fb6ab0d5352c3b35132a8c2519bc72a2e5,ERROR,,,,0,0,0,0,0,0,0,0,0,0,0,0,0,0,0,0,0,0,0,0,0,0,0,0,none,0.03
D:\APK_Downloader\android_repositories\izzyondroid\com.tomclaw.appsend_1160.apk,com.tomclaw.appsend_1160.apk,150013cc93a9277d14f09101f7a993fb6ab0d5352c3b35132a8c2519bc72a2e5,ERROR,,,,0,0,0,0,0,0,0,0,0,0,0,0,0,0,0,0,0,0,0,0,0,0,0,0,none,0.03
D:\APK_Downloader\android_repositories\izzyondroid\com.tre.a11cellnetworkchanger_4.apk,com.tre.a11cellnetworkchanger_4.apk,150013cc93a9277d14f09101f7a993fb6ab0d5352c3b35132a8c2519bc72a2e5,ERROR,,,,0,0,0,0,0,0,0,0,0,0,0,0,0,0,0,0,0,0,0,0,0,0,0,0,none,0.03
D:\APK_Downloader\android_repositories\izzyondroid\com.victorb.androidnetworkscanner_1003001.apk,com.victorb.androidnetworkscanner_1003001.apk,150013cc93a9277d14f09101f7a993fb6ab0d5352c3b35132a8c2519bc72a2e5,ERROR,,,,0,0,0,0,0,0,0,0,0,0,0,0,0,0,0,0,0,0,0,0,0,0,0,0,none,0.03
D:\APK_Downloader\android_repositories\izzyondroid\com.virtual_pen_1.apk,com.virtual_pen_1.apk,150013cc93a9277d14f09101f7a993fb6ab0d5352c3b35132a8c2519bc72a2e5,ERROR,,,,0,0,0,0,0,0,0,0,0,0,0,0,0,0,0,0,0,0,0,0,0,0,0,0,none,0.03
D:\APK_Downloader\android_repositories\izzyondroid\com.vitorpamplona.amethyst_456.apk,com.vitorpamplona.amethyst_456.apk,150013cc93a9277d14f09101f7a993fb6ab0d5352c3b35132a8c2519bc72a2e5,ERROR,,,,0,0,0,0,0,0,0,0,0,0,0,0,0,0,0,0,0,0,0,0,0,0,0,0,none,0.03
D:\APK_Downloader\android_repositories\izzyondroid\de.androvdr_29.apk,de.androvdr_29.apk,150013cc93a9277d14f09101f7a993fb6ab0d5352c3b35132a8c2519bc72a2e5,ERROR,,,,0,0,0,0,0,0,0,0,0,0,0,0,0,0,0,0,0,0,0,0,0,0,0,0,none,0.03
D:\APK_Downloader\android_repositories\izzyondroid\deltazero.amarok.foss_124.apk,deltazero.amarok.foss_124.apk,150013cc93a9277d14f09101f7a993fb6ab0d5352c3b35132a8c2519bc72a2e5,ERROR,,,,0,0,0,0,0,0,0,0,0,0,0,0,0,0,0,0,0,0,0,0,0,0,0,0,none,0.03
D:\APK_Downloader\android_repositories\izzyondroid\dev.pranav.applock_250.apk,dev.pranav.applock_250.apk,150013cc93a9277d14f09101f7a993fb6ab0d5352c3b35132a8c2519bc72a2e5,ERROR,,,,0,0,0,0,0,0,0,0,0,0,0,0,0,0,0,0,0,0,0,0,0,0,0,0,none,0.03
D:\APK_Downloader\android_repositories\izzyondroid\dev.rx.app2proxy_3.apk,dev.rx.app2proxy_3.apk,150013cc93a9277d14f09101f7a993fb6ab0d5352c3b35132a8c2519bc72a2e5,ERROR,,,,0,0,0,0,0,0,0,0,0,0,0,0,0,0,0,0,0,0,0,0,0,0,0,0,none,0.03
D:\APK_Downloader\android_repositories\izzyondroid\eu.darken.apl_803000.apk,eu.darken.apl_803000.apk,150013cc93a9277d14f09101f7a993fb6ab0d5352c3b35132a8c2519bc72a2e5,ERROR,,,,0,0,0,0,0,0,0,0,0,0,0,0,0,0,0,0,0,0,0,0,0,0,0,0,none,0.03
D:\APK_Downloader\android_repositories\izzyondroid\eu.fulldisclosure.android.luks_2.apk,eu.fulldisclosure.android.luks_2.apk,150013cc93a9277d14f09101f7a993fb6ab0d5352c3b35132a8c2519bc72a2e5,ERROR,,,,0,0,0,0,0,0,0,0,0,0,0,0,0,0,0,0,0,0,0,0,0,0,0,0,none,0.03
D:\APK_Downloader\android_repositories\izzyondroid\exa.lnx.a_675.apk,exa.lnx.a_675.apk,150013cc93a9277d14f09101f7a993fb6ab0d5352c3b35132a8c2519bc72a2e5,ERROR,,,,0,0,0,0,0,0,0,0,0,0,0,0,0,0,0,0,0,0,0,0,0,0,0,0,none,0.03
D:\APK_Downloader\android_repositories\izzyondroid\exe.bbllw8.anemo_18.apk,exe.bbllw8.anemo_18.apk,150013cc93a9277d14f09101f7a993fb6ab0d5352c3b35132a8c2519bc72a2e5,ERROR,,,,0,0,0,0,0,0,0,0,0,0,0,0,0,0,0,0,0,0,0,0,0,0,0,0,none,0.03
D:\APK_Downloader\android_repositories\izzyondroid\fr.dzx.audiosource_7.apk,fr.dzx.audiosource_7.apk,150013cc93a9277d14f09101f7a993fb6ab0d5352c3b35132a8c2519bc72a2e5,ERROR,,,,0,0,0,0,0,0,0,0,0,0,0,0,0,0,0,0,0,0,0,0,0,0,0,0,none,0.03
D:\APK_Downloader\android_repositories\izzyondroid\green_green_avk.anotherterm.redist_146.apk,green_green_avk.anotherterm.redist_146.apk,150013cc93a9277d14f09101f7a993fb6ab0d5352c3b35132a8c2519bc72a2e5,ERROR,,,,0,0,0,0,0,0,0,0,0,0,0,0,0,0,0,0,0,0,0,0,0,0,0,0,none,0.03
D:\APK_Downloader\android_repositories\izzyondroid\green_green_avk.anothertermshellplugin_android10essentials_10.apk,green_green_avk.anothertermshellplugin_android10essentials_10.apk,150013cc93a9277d14f09101f7a993fb6ab0d5352c3b35132a8c2519bc72a2e5,ERROR,,,,0,0,0,0,0,0,0,0,0,0,0,0,0,0,0,0,0,0,0,0,0,0,0,0,none,0.03
D:\APK_Downloader\android_repositories\izzyondroid\in.hridayan.ashell_62.apk,in.hridayan.ashell_62.apk,150013cc93a9277d14f09101f7a993fb6ab0d5352c3b35132a8c2519bc72a2e5,ERROR,,,,0,0,0,0,0,0,0,0,0,0,0,0,0,0,0,0,0,0,0,0,0,0,0,0,none,0.03
D:\APK_Downloader\android_repositories\izzyondroid\in.sunilpaulmathew.appvaultx_5.apk,in.sunilpaulmathew.appvaultx_5.apk,150013cc93a9277d14f09101f7a993fb6ab0d5352c3b35132a8c2519bc72a2e5,ERROR,,,,0,0,0,0,0,0,0,0,0,0,0,0,0,0,0,0,0,0,0,0,0,0,0,0,none,0.03
D:\APK_Downloader\android_repositories\izzyondroid\in.sunilpaulmathew.ashell_28.apk,in.sunilpaulmathew.ashell_28.apk,150013cc93a9277d14f09101f7a993fb6ab0d5352c3b35132a8c2519bc72a2e5,ERROR,,,,0,0,0,0,0,0,0,0,0,0,0,0,0,0,0,0,0,0,0,0,0,0,0,0,none,0.03
D:\APK_Downloader\android_repositories\izzyondroid\inc.flide.vi8_170500.apk,inc.flide.vi8_170500.apk,150013cc93a9277d14f09101f7a993fb6ab0d5352c3b35132a8c2519bc72a2e5,ERROR,,,,0,0,0,0,0,0,0,0,0,0,0,0,0,0,0,0,0,0,0,0,0,0,0,0,none,0.03
D:\APK_Downloader\android_repositories\izzyondroid\io.alcatraz.audiohq_31.apk,io.alcatraz.audiohq_31.apk,150013cc93a9277d14f09101f7a993fb6ab0d5352c3b35132a8c2519bc72a2e5,ERROR,,,,0,0,0,0,0,0,0,0,0,0,0,0,0,0,0,0,0,0,0,0,0,0,0,0,none,0.03
D:\APK_Downloader\android_repositories\izzyondroid\io.atticusc.atmosweather_3010000.apk,io.atticusc.atmosweather_3010000.apk,150013cc93a9277d14f09101f7a993fb6ab0d5352c3b35132a8c2519bc72a2e5,ERROR,,,,0,0,0,0,0,0,0,0,0,0,0,0,0,0,0,0,0,0,0,0,0,0,0,0,none,0.03
D:\APK_Downloader\android_repositories\izzyondroid\io.github.abdurazaaqmohammed.ApkExtractor_4.apk,io.github.abdurazaaqmohammed.ApkExtractor_4.apk,150013cc93a9277d14f09101f7a993fb6ab0d5352c3b35132a8c2519bc72a2e5,ERROR,,,,0,0,0,0,0,0,0,0,0,0,0,0,0,0,0,0,0,0,0,0,0,0,0,0,none,0.04
D:\APK_Downloader\android_repositories\izzyondroid\io.github.dmitrytsyvtsyn.algosortinganimations_1.apk,io.github.dmitrytsyvtsyn.algosortinganimations_1.apk,150013cc93a9277d14f09101f7a993fb6ab0d5352c3b35132a8c2519bc72a2e5,ERROR,,,,0,0,0,0,0,0,0,0,0,0,0,0,0,0,0,0,0,0,0,0,0,0,0,0,none,0.03
D:\APK_Downloader\android_repositories\izzyondroid\io.github.giuig.auraninja_12615.apk,io.github.giuig.auraninja_12615.apk,150013cc93a9277d14f09101f7a993fb6ab0d5352c3b35132a8c2519bc72a2e5,ERROR,,,,0,0,0,0,0,0,0,0,0,0,0,0,0,0,0,0,0,0,0,0,0,0,0,0,none,0.03
D:\APK_Downloader\android_repositories\izzyondroid\io.github.juby210.appinfofix_4.apk,io.github.juby210.appinfofix_4.apk,150013cc93a9277d14f09101f7a993fb6ab0d5352c3b35132a8c2519bc72a2e5,ERROR,,,,0,0,0,0,0,0,0,0,0,0,0,0,0,0,0,0,0,0,0,0,0,0,0,0,none,0.03
D:\APK_Downloader\android_repositories\izzyondroid\io.github.mkckr0.audio_share_app_3004.apk,io.github.mkckr0.audio_share_app_3004.apk,150013cc93a9277d14f09101f7a993fb6ab0d5352c3b35132a8c2519bc72a2e5,ERROR,,,,0,0,0,0,0,0,0,0,0,0,0,0,0,0,0,0,0,0,0,0,0,0,0,0,none,0.03
D:\APK_Downloader\android_repositories\izzyondroid\io.github.mthli.mount_8.apk,io.github.mthli.mount_8.apk,150013cc93a9277d14f09101f7a993fb6ab0d5352c3b35132a8c2519bc72a2e5,ERROR,,,,0,0,0,0,0,0,0,0,0,0,0,0,0,0,0,0,0,0,0,0,0,0,0,0,none,0.03
D:\APK_Downloader\android_repositories\izzyondroid\io.github.muntashirakon.AppManager_450.apk,io.github.muntashirakon.AppManager_450.apk,150013cc93a9277d14f09101f7a993fb6ab0d5352c3b35132a8c2519bc72a2e5,ERROR,,,,0,0,0,0,0,0,0,0,0,0,0,0,0,0,0,0,0,0,0,0,0,0,0,0,none,0.03
D:\APK_Downloader\android_repositories\izzyondroid\me.bmax.apatch_11219.apk,me.bmax.apatch_11219.apk,150013cc93a9277d14f09101f7a993fb6ab0d5352c3b35132a8c2519bc72a2e5,ERROR,,,,0,0,0,0,0,0,0,0,0,0,0,0,0,0,0,0,0,0,0,0,0,0,0,0,none,0.03
D:\APK_Downloader\android_repositories\izzyondroid\moe.ampersand.app_1613.apk,moe.ampersand.app_1613.apk,150013cc93a9277d14f09101f7a993fb6ab0d5352c3b35132a8c2519bc72a2e5,ERROR,,,,0,0,0,0,0,0,0,0,0,0,0,0,0,0,0,0,0,0,0,0,0,0,0,0,none,0.03
D:\APK_Downloader\android_repositories\izzyondroid\moe.haruue.wadb_212.apk,moe.haruue.wadb_212.apk,150013cc93a9277d14f09101f7a993fb6ab0d5352c3b35132a8c2519bc72a2e5,ERROR,,,,0,0,0,0,0,0,0,0,0,0,0,0,0,0,0,0,0,0,0,0,0,0,0,0,none,0.03
D:\APK_Downloader\android_repositories\izzyondroid\moe.koiverse.archivetune_135.apk,moe.koiverse.archivetune_135.apk,150013cc93a9277d14f09101f7a993fb6ab0d5352c3b35132a8c2519bc72a2e5,ERROR,,,,0,0,0,0,0,0,0,0,0,0,0,0,0,0,0,0,0,0,0,0,0,0,0,0,none,0.03
D:\APK_Downloader\android_repositories\izzyondroid\net.kevinboone.androidmediaserver_3.apk,net.kevinboone.androidmediaserver_3.apk,150013cc93a9277d14f09101f7a993fb6ab0d5352c3b35132a8c2519bc72a2e5,ERROR,,,,0,0,0,0,0,0,0,0,0,0,0,0,0,0,0,0,0,0,0,0,0,0,0,0,none,0.03
D:\APK_Downloader\android_repositories\izzyondroid\org.adaptit.adaptitmobile_67.apk,org.adaptit.adaptitmobile_67.apk,150013cc93a9277d14f09101f7a993fb6ab0d5352c3b35132a8c2519bc72a2e5,ERROR,,,,0,0,0,0,0,0,0,0,0,0,0,0,0,0,0,0,0,0,0,0,0,0,0,0,none,0.03
D:\APK_Downloader\android_repositories\izzyondroid\org.netdex.androidusbscript_122.apk,org.netdex.androidusbscript_122.apk,150013cc93a9277d14f09101f7a993fb6ab0d5352c3b35132a8c2519bc72a2e5,ERROR,,,,0,0,0,0,0,0,0,0,0,0,0,0,0,0,0,0,0,0,0,0,0,0,0,0,none,0.03
D:\APK_Downloader\android_repositories\izzyondroid\org.nuclearfog.apollo_76.apk,org.nuclearfog.apollo_76.apk,150013cc93a9277d14f09101f7a993fb6ab0d5352c3b35132a8c2519bc72a2e5,ERROR,,,,0,0,0,0,0,0,0,0,0,0,0,0,0,0,0,0,0,0,0,0,0,0,0,0,none,0.03
D:\APK_Downloader\android_repositories\izzyondroid\org.secuso.aktivpause_102.apk,org.secuso.aktivpause_102.apk,150013cc93a9277d14f09101f7a993fb6ab0d5352c3b35132a8c2519bc72a2e5,ERROR,,,,0,0,0,0,0,0,0,0,0,0,0,0,0,0,0,0,0,0,0,0,0,0,0,0,none,0.04
D:\APK_Downloader\android_repositories\izzyondroid\remix.myplayer_21000.apk,remix.myplayer_21000.apk,150013cc93a9277d14f09101f7a993fb6ab0d5352c3b35132a8c2519bc72a2e5,ERROR,,,,0,0,0,0,0,0,0,0,0,0,0,0,0,0,0,0,0,0,0,0,0,0,0,0,none,0.03
D:\APK_Downloader\android_repositories\izzyondroid\ru.bluecat.android.xposed.mods.appsettings_29.apk,ru.bluecat.android.xposed.mods.appsettings_29.apk,150013cc93a9277d14f09101f7a993fb6ab0d5352c3b35132a8c2519bc72a2e5,ERROR,,,,0,0,0,0,0,0,0,0,0,0,0,0,0,0,0,0,0,0,0,0,0,0,0,0,none,0.02
D:\APK_Downloader\android_repositories\izzyondroid\ru.mark99.appsearcher_24011303.apk,ru.mark99.appsearcher_24011303.apk,150013cc93a9277d14f09101f7a993fb6ab0d5352c3b35132a8c2519bc72a2e5,ERROR,,,,0,0,0,0,0,0,0,0,0,0,0,0,0,0,0,0,0,0,0,0,0,0,0,0,none,0.03
D:\APK_Downloader\android_repositories\izzyondroid\ru.wohlsoft.adlmidiplayer_1060100.apk,ru.wohlsoft.adlmidiplayer_1060100.apk,150013cc93a9277d14f09101f7a993fb6ab0d5352c3b35132a8c2519bc72a2e5,ERROR,,,,0,0,0,0,0,0,0,0,0,0,0,0,0,0,0,0,0,0,0,0,0,0,0,0,none,0.03
D:\APK_Downloader\android_repositories\izzyondroid\soko.ekibun.xposed.applocale_16.apk,soko.ekibun.xposed.applocale_16.apk,150013cc93a9277d14f09101f7a993fb6ab0d5352c3b35132a8c2519bc72a2e5,ERROR,,,,0,0,0,0,0,0,0,0,0,0,0,0,0,0,0,0,0,0,0,0,0,0,0,0,none,0.03
D:\APK_Downloader\android_repositories\izzyondroid\systems.nik.anthology_10008.apk,systems.nik.anthology_10008.apk,150013cc93a9277d14f09101f7a993fb6ab0d5352c3b35132a8c2519bc72a2e5,ERROR,,,,0,0,0,0,0,0,0,0,0,0,0,0,0,0,0,0,0,0,0,0,0,0,0,0,none,0.02
D:\APK_Downloader\android_repositories\izzyondroid\tech.laihz.alga_37.apk,tech.laihz.alga_37.apk,150013cc93a9277d14f09101f7a993fb6ab0d5352c3b35132a8c2519bc72a2e5,ERROR,,,,0,0,0,0,0,0,0,0,0,0,0,0,0,0,0,0,0,0,0,0,0,0,0,0,none,0.04
D:\APK_Downloader\android_repositories\izzyondroid\timeline.lizimumu.com.t_27.apk,timeline.lizimumu.com.t_27.apk,150013cc93a9277d14f09101f7a993fb6ab0d5352c3b35132a8c2519bc72a2e5,ERROR,,,,0,0,0,0,0,0,0,0,0,0,0,0,0,0,0,0,0,0,0,0,0,0,0,0,none,0.03
D:\APK_Downloader\android_repositories\izzyondroid\vadimerenkov.aucards_21.apk,vadimerenkov.aucards_21.apk,150013cc93a9277d14f09101f7a993fb6ab0d5352c3b35132a8c2519bc72a2e5,ERROR,,,,0,0,0,0,0,0,0,0,0,0,0,0,0,0,0,0,0,0,0,0,0,0,0,0,none,0.03
D:\APK_Downloader\android_repositories\izzyondroid\xyz.sommd.automute_106002000.apk,xyz.sommd.automute_106002000.apk,150013cc93a9277d14f09101f7a993fb6ab0d5352c3b35132a8c2519bc72a2e5,ERROR,,,,0,0,0,0,0,0,0,0,0,0,0,0,0,0,0,0,0,0,0,0,0,0,0,0,none,0.03
